id,title,description,status,priority,effort,weekday,due_date,recur,tags,created_at,updated_at
1,Préparer la réunion CODIR,Rassembler les slides et KPIs,This Week,2,3,Mon,,None,GEODIS;CODIR,2025-09-20T11:00:00,2025-09-20T11:00:00
2,Revue des contrats fournisseurs,Audit des conditions et échéances,Backlog,3,5,Tue,,Monthly,contrathèque;juridique,2025-09-20T11:00:00,2025-09-20T11:00:00
3,Suivi déploiement Télématique,Points avec les agences Sud-Ouest,In Progress,2,3,Wed,,None,projet;télématique,2025-09-20T11:00:00,2025-09-20T11:00:00
4,Analyse retards de livraison,Extraction Power BI + Copilot,Backlog,1,5,Thu,,Weekly,qualité;KPI,2025-09-20T11:00:00,2025-09-20T11:00:00
5,Sport – séance vélo RPM,30 minutes d’endurance,This Week,2,2,Fri,,Weekly,forme;santé,2025-09-20T11:00:00,2025-09-20T11:00:00
